asn,label
AS8359,isp
AS28573,isp
AS4771,isp
AS37457,isp
AS3215,isp
AS3320,isp
AS3352,isp
AS3301,isp
AS24389,isp
AS3269,isp
AS8447,isp
AS9506,isp
AS9121,isp
AS4788,isp
AS17552,isp
AS5432,isp
AS6147,isp
AS29465,isp
AS45899,isp
AS131284,isp
AS22047,isp
AS6866,isp
AS42003,isp
AS35805,isp
AS27884,isp
AS58460,isp
AS6821,isp
AS15975,isp
AS23201,isp
AS29614,isp
AS36947,isp
AS2860,isp
AS37287,isp
AS37461,isp
AS7642,isp
AS37009,isp
AS9198,isp
AS10396,isp
AS14988,isp
AS37371,isp
AS37463,isp
AS8301,isp
AS33771,isp
AS8926,isp
AS27882,isp
AS8681,isp
AS5391,isp
AS8193,isp
AS28787,isp
AS30873,isp
AS27665,isp
AS10094,isp
AS9146,isp
AS27781,isp
AS8585,isp
AS37094,isp
AS21003,isp
AS36958,isp
AS37054,isp
AS25250,isp
AS8818,isp
AS38800,isp
AS9249,isp
AS37337,isp
AS14434,isp
AS46408,isp
AS202865,isp
AS3605,isp
AS327769,isp
AS46650,isp
AS11816,isp
AS19863,isp
AS16058,isp
AS23917,isp
AS14813,isp
AS37705,isp
AS15389,isp
AS38077,isp
AS10130,isp
AS24691,isp
AS22933,isp
AS19711,isp
AS29256,isp
AS328191,isp
AS37594,isp
AS27775,isp
AS15433,isp
AS24757,isp
AS8551,isp
AS36998,isp
AS45891,isp
AS17458,isp
AS25543,isp
AS6400,isp
AS37002,isp
AS42298,isp
AS17893,isp
AS11139,isp
AS3695,isp
AS6752,isp
AS9471,isp
AS25429,isp
AS28885,isp
AS30990,isp
AS55723,isp
AS27745,isp
AS15146,isp
AS17660,isp
AS45168,isp
AS12764,isp
AS10269,isp
AS38623,isp
AS29544,isp
AS134783,isp
AS37460,isp
AS36939,isp
AS30985,isp
AS29571,isp
AS10131,isp
AS24439,isp
AS6639,isp
AS33392,isp
AS131279,isp
AS30992,isp
AS6758,isp
AS36903,isp
AS33567,isp
AS37517,isp
AS20634,isp
AS15344,isp
AS9873,isp
AS15735,isp
AS23889,isp
AS327756,isp
AS21246,isp
AS14754,isp
AS37233,isp
AS3249,isp
AS56089,isp
AS37119,isp
AS17882,isp
AS42961,isp
AS36890,isp
AS4609,isp
AS37424,isp
AS20661,isp
AS5416,isp
AS5384,isp
AS30689,isp
AS3462,isp
AS17501,isp
AS38442,isp
AS8376,isp
AS36908,isp
AS36988,isp
AS9988,isp
AS6799,isp
AS18809,isp
AS10620,isp
AS4134,isp
AS3855,isp
AS20294,isp
AS5483,isp
AS17676,isp
AS6057,isp
AS6697,isp
AS37223,isp
AS6661,isp
AS18001,isp
AS44395,isp
AS6677,isp
AS8452,isp
AS37453,isp
AS50710,isp
AS3292,isp
AS8048,isp
AS1273,isp
AS8400,isp
AS25019,isp
AS8764,isp
AS45595,isp
AS28006,isp
AS4760,isp
AS5603,isp
AS6855,isp
AS8866,isp
AS12578,isp
AS2119,isp
AS8151,isp
AS4766,isp
AS9299,isp
AS44244,isp
AS5610,isp
AS7303,isp
AS3303,isp
AS17974,isp
AS2856,isp
AS8708,isp
AS812,isp
AS1221,isp
AS9829,isp
AS15895,isp
AS5617,isp
AS7922,isp
AS12389,isp
AS45609,isp
AS25229,isp
AS577,isp
AS23688,isp
AS31721,isp
AS8402,isp
AS197207,isp
AS10481,isp
AS37563,isp
AS36873,isp
AS17976,isp
AS55330,isp
AS7018,isp
AS13124,isp
AS2516,isp
AS41750,isp
AS29975,isp
AS45758,isp
AS1680,isp
AS6849,isp
AS37492,isp
AS327799,isp
AS42610,isp
AS14522,isp
AS45245,isp
AS55836,isp
AS6830,isp
AS5607,isp
AS30722,isp
AS5466,isp
AS37075,isp
AS23693,isp
AS43197,isp
AS42313,isp
AS25159,isp
AS37440,isp
AS55430,isp
AS9143,isp
AS56055,isp
AS16086,isp
AS37133,isp
AS42560,isp
AS57293,isp
AS37529,isp
AS24432,isp
AS22394,isp
AS3243,isp
AS37447,isp
AS16345,isp
AS18881,isp
AS36928,isp
AS18403,isp
AS9269,isp
AS21497,isp
AS12322,isp
AS6568,isp
AS4804,isp
AS132167,isp
AS6327,isp
AS23752,isp
AS12716,isp
AS45951,isp
AS16010,isp
AS21277,isp
AS37376,isp
AS37154,isp
AS25513,isp
AS47589,isp
AS37309,isp
AS4837,isp
AS12969,isp
AS15399,isp
AS34779,isp
AS31549,isp
AS37425,isp
AS45498,isp
AS9500,isp
AS24560,isp
AS15962,isp
AS3209,isp
AS31042,isp
AS7418,isp
AS39891,isp
AS63969,isp
AS51407,isp
AS41202,isp
AS31252,isp
AS36907,isp
AS9644,isp
AS9158,isp
AS8997,isp
AS10318,isp
AS17421,isp
AS36423,isp
AS39603,isp
AS39010,isp
AS37204,isp
AS131445,isp
AS34058,isp
AS13194,isp
AS58689,isp
AS12714,isp
AS37076,isp
AS39232,isp
AS34984,isp
AS701,isp
AS37228,isp
AS24921,isp
AS12997,isp
AS29695,isp
AS16637,isp
AS52260,isp
AS38742,isp
AS131267,isp
AS9246,isp
AS12400,isp
AS12430,isp
AS52257,isp
AS4713,isp
AS31213,isp
AS48832,isp
AS45925,isp
AS6848,isp
AS35141,isp
AS59974,isp
AS15964,isp
AS15582,isp
AS48526,isp
AS51375,isp
AS27699,isp
AS132199,isp
AS12709,isp
AS58601,isp
AS37136,isp
AS13188,isp
AS36991,isp
AS41733,isp
AS13036,isp
AS38201,isp
AS37020,isp
AS39651,isp
AS262197,isp
AS37550,isp
AS2609,isp
AS22773,isp
AS3216,isp
AS31126,isp
AS21183,isp
AS59362,isp
AS9534,isp
AS31012,isp
AS4773,isp
AS37429,isp
AS38266,isp
AS52262,isp
AS37035,isp
AS12880,isp
AS31133,isp
AS23673,isp
AS25255,isp
AS38819,isp
AS29244,isp
AS27773,isp
AS9050,isp
AS43612,isp
AS12297,isp
AS134732,isp
AS31148,isp
AS29355,isp
AS852,isp
AS29497,isp
AS36996,isp
AS132468,isp
AS39280,isp
AS17828,isp
AS23700,isp
AS36962,isp
AS5410,isp
AS9329,isp
AS31163,isp
AS59203,isp
AS20115,isp
AS8374,isp
AS5089,isp
AS12958,isp
AS30986,isp
AS6805,isp
AS39608,isp
AS15502,isp
AS5522,isp
AS132061,isp
AS58691,isp
AS27839,isp
AS28840,isp
AS49273,isp
AS3212,isp
AS18200,isp
AS29124,isp
AS37410,isp
AS9051,isp
AS45669,isp
AS26599,isp
AS63996,isp
AS36290,isp
AS37187,isp
AS6876,isp
AS51018,isp
AS43561,isp
AS24955,isp
AS25106,isp
AS9318,isp
AS5639,isp
AS9808,isp
AS41164,isp
AS197830,isp
AS37148,isp
AS28884,isp
AS45271,isp
AS13272,isp
AS209,isp
AS45904,isp
AS28548,isp
AS24863,isp
AS22927,isp
AS27738,isp
AS16019,isp
AS8334,isp
AS33576,isp
AS12479,isp
AS21219,isp
AS10474,isp
AS22069,isp
AS24323,isp
AS35807,isp
AS45178,isp
AS23243,isp
AS9605,isp
AS31205,isp
AS47237,isp
AS16322,isp
AS6703,isp
AS10219,isp
AS133385,isp
AS45588,isp
AS7552,isp
AS11556,isp
AS327802,isp
AS8369,isp
AS16135,isp
AS20845,isp
AS12912,isp
AS21479,isp
AS3816,isp
AS37531,isp
AS24158,isp
AS13046,isp
AS3329,isp
AS25144,isp
AS9441,isp
AS4739,isp
AS15377,isp
AS6167,isp
AS15378,isp
AS29580,isp
AS37577,isp
AS57513,isp
AS45429,isp
AS21826,isp
AS327786,isp
AS37483,isp
AS31224,isp
AS9116,isp
AS37057,isp
AS12975,isp
AS133854,isp
AS24309,isp
AS17924,isp
AS25515,isp
AS37164,isp
AS206206,isp
AS327744,isp
AS34170,isp
AS48239,isp
AS36902,isp
AS1901,isp
AS8331,isp
AS8781,isp
AS36963,isp
AS59382,isp
AS37512,isp
AS31514,isp
AS23674,isp
AS35432,isp
AS12874,isp
AS16333,isp
AS3255,isp
AS37620,isp
AS21299,isp
AS202173,isp
AS4812,isp
AS21412,isp
AS55492,isp
AS327885,isp
AS31200,isp
AS12353,isp
AS4638,isp
AS6713,isp
AS20001,isp
AS5769,isp
AS25521,isp
AS327768,isp
AS31195,isp
AS5588,isp
AS36974,isp
AS25249,isp
AS38256,isp
AS39811,isp
AS23969,isp
AS31334,isp
AS327707,isp
AS31272,isp
AS17488,isp
AS7738,isp
AS24203,isp
AS52228,isp
AS23487,isp
AS8615,isp
AS3308,isp
AS52233,isp
AS58889,isp
AS45143,isp
AS42682,isp
AS43571,isp
AS37524,isp
AS43754,isp
AS35362,isp
AS8632,isp
AS45935,isp
AS43205,isp
AS6503,isp
AS41330,isp
AS27925,isp
AS38999,isp
AS21271,isp
AS21283,isp
AS29357,isp
AS38031,isp
AS2497,isp
AS41435,isp
AS51570,isp
AS22581,isp
AS12741,isp
AS30764,isp
AS36992,isp
AS6128,isp
AS12768,isp
AS32020,isp
AS29049,isp
AS58731,isp
AS14638,isp
AS31452,isp
AS37342,isp
AS28024,isp
AS7565,isp
AS25133,isp
AS37693,isp
AS47395,isp
AS198589,isp
AS12365,isp
AS28812,isp
AS37611,isp
AS205471,isp
AS15557,isp
AS31343,isp
AS23956,isp
AS48190,isp
AS56167,isp
AS17813,isp
AS16246,isp
AS12252,isp
AS37340,isp
AS37140,isp
AS43940,isp
AS34533,isp
AS34187,isp
AS327765,isp
AS10030,isp
AS9790,isp
AS15774,isp
AS42772,isp
AS28683,isp
AS45905,isp
AS4007,isp
AS35819,isp
AS25454,isp
AS31214,isp
AS16160,isp
AS5650,isp
AS29107,isp
AS55944,isp
AS4808,isp
AS48092,isp
AS50223,isp
AS55792,isp
AS2527,isp
AS12929,isp
AS134180,isp
AS31246,isp
AS31208,isp
AS34867,isp
AS15706,isp
AS51604,isp
AS41833,isp
AS37336,isp
AS7992,isp
AS36926,isp
AS25408,isp
AS134382,isp
AS34700,isp
AS34569,isp
AS34803,isp
AS10118,isp
AS39435,isp
AS57218,isp
AS12668,isp
AS49800,isp
AS49223,isp
AS31615,isp
AS63526,isp
AS12810,isp
AS18209,isp
AS44217,isp
AS2852,isp
AS41691,isp
AS133612,isp
AS20910,isp
AS197288,isp
AS36549,isp
AS43139,isp
AS6828,isp
AS38901,isp
AS10796,isp
AS40945,isp
AS41997,isp
AS17858,isp
AS51440,isp
AS12715,isp
AS55424,isp
AS41668,isp
AS45766,isp
AS34661,isp
AS38951,isp
AS12576,isp
AS12849,isp
AS34602,isp
AS59257,isp
AS20963,isp
AS48683,isp
AS10101,isp
AS44724,isp
AS17469,isp
AS25512,isp
AS27866,isp
AS12793,isp
AS29084,isp
AS42437,isp
AS15683,isp
AS9824,isp
AS8014,isp
AS29314,isp
AS25472,isp
AS41682,isp
AS9674,isp
AS34718,isp
AS27947,isp
AS24634,isp
AS55441,isp
AS39102,isp
AS38200,isp
AS24962,isp
AS9038,isp
AS12301,isp
AS51645,isp
AS6730,isp
AS327738,isp
AS13032,isp
AS8492,isp
AS35047,isp
AS20057,isp
AS8473,isp
AS44775,isp
AS134146,isp
AS37473,isp
AS42841,isp
AS37014,isp
AS34743,isp
AS26611,isp
AS48503,isp
AS855,isp
AS21127,isp
AS4761,isp
AS21230,isp
AS34757,isp
AS15802,isp
AS6877,isp
AS47165,isp
AS133443,isp
AS37616,isp
AS37122,isp
AS37294,isp
AS43554,isp
AS41843,isp
AS50010,isp
AS18207,isp
AS51684,isp
AS24378,isp
AS15897,isp
AS35816,isp
AS48159,isp
AS49125,isp
AS37168,isp
AS42065,isp
AS23923,isp
AS56046,isp
AS27759,isp
AS44489,isp
AS201167,isp
AS17480,isp
AS24685,isp
AS30922,isp
AS36959,isp
AS31250,isp
AS6856,isp
AS41557,isp
AS35223,isp
AS34814,isp
AS2518,isp
AS20485,isp
AS43824,isp
AS17494,isp
AS6306,isp
AS49342,isp
AS11427,isp
AS47702,isp
AS37281,isp
AS9541,isp
AS39927,isp
AS18822,isp
AS17803,isp
AS9304,isp
AS49984,isp
AS16232,isp
AS9484,isp
AS8905,isp
AS8591,isp
AS38740,isp
AS38592,isp
AS8953,isp
AS8251,isp
AS42116,isp
AS41631,isp
AS8717,isp
AS37508,isp
AS36892,isp
AS132462,isp
AS24835,isp
AS8737,isp
AS5563,isp
AS15958,isp
AS25500,isp
AS50543,isp
AS11315,isp
AS58805,isp
AS37645,isp
AS35810,isp
AS35320,isp
AS44869,isp
AS8439,isp
AS13121,isp
AS25248,isp
AS45528,isp
AS35154,isp
AS51737,isp
AS58923,isp
AS10091,isp
AS36923,isp
AS34145,isp
AS43120,isp
AS131322,isp
AS47452,isp
AS9070,isp
AS21021,isp
AS20807,isp
AS11426,isp
AS34557,isp
AS56040,isp
AS6712,isp
AS29069,isp
AS200865,isp
AS5645,isp
AS58717,isp
AS31257,isp
AS48847,isp
AS39065,isp
AS20875,isp
AS34797,isp
AS12570,isp
AS17511,isp
AS50473,isp
AS58524,isp
AS20590,isp
AS131178,isp
AS42038,isp
AS135527,isp
AS38793,isp
AS50274,isp
AS55831,isp
AS50810,isp
AS8788,isp
AS21453,isp
AS2588,isp
AS47771,isp
AS13118,isp
AS37173,isp
AS56433,isp
AS20852,isp
AS37006,isp
AS8167,isp
AS35598,isp
AS132298,isp
AS12767,isp
AS31725,isp
AS57378,isp
AS15419,isp
AS41329,isp
AS37385,isp
AS28890,isp
AS4818,isp
AS25169,isp
AS48006,isp
AS36866,isp
AS8732,isp
AS33363,isp
AS134204,isp
AS17079,isp
AS51784,isp
AS34456,isp
AS50616,isp
AS23944,isp
AS25374,isp
AS3253,isp
AS131222,isp
AS38547,isp
AS49824,isp
AS34447,isp
AS41046,isp
AS8412,isp
AS21450,isp
AS13285,isp
AS30868,isp
AS133866,isp
AS12963,isp
AS41661,isp
AS41727,isp
AS2116,isp
AS29074,isp
AS6739,isp
AS25490,isp
AS262227,isp
AS56041,isp
AS9205,isp
AS38067,isp
AS8371,isp
AS47232,isp
AS17506,isp
AS55943,isp
AS42893,isp
AS41165,isp
AS29582,isp
AS7545,isp
AS12695,isp
AS59588,isp
AS47889,isp
AS45194,isp
AS29194,isp
AS135341,isp
AS8257,isp
AS39554,isp
AS6535,isp
AS262239,isp
AS33934,isp
AS15772,isp
AS11351,isp
AS201019,isp
AS60300,isp
AS31261,isp
AS15935,isp
AS44078,isp
AS196949,isp
AS17853,isp
AS134813,isp
AS48176,isp
AS35197,isp
AS37576,isp
AS25607,isp
AS34056,isp
AS9908,isp
AS15723,isp
AS50923,isp
AS132471,isp
AS803,isp
AS41709,isp
AS8675,isp
AS134128,isp
AS15425,isp
AS19114,isp
AS42387,isp
AS45650,isp
AS29562,isp
AS17917,isp
AS44291,isp
AS34748,isp
AS57016,isp
AS39501,isp
AS12688,isp
AS51207,isp
AS47236,isp
AS25526,isp
AS55511,isp
AS34754,isp
AS42110,isp
AS3741,isp
AS7131,isp
AS9230,isp
AS3265,isp
AS43658,isp
AS3226,isp
AS38009,isp
AS10929,hosting
AS12488,hosting
AS12617,hosting
AS132425,hosting
AS134451,hosting
AS134926,hosting
AS135822,hosting
AS136052,hosting
AS13909,hosting
AS14244,hosting
AS14567,hosting
AS14576,hosting
AS14992,hosting
AS15919,hosting
AS18779,hosting
AS19133,hosting
AS19234,hosting
AS197746,hosting
AS198047,hosting
AS198171,hosting
AS198968,hosting
AS19994,hosting
AS200000,hosting
AS200487,hosting
AS201200,hosting
AS201702,hosting
AS20248,hosting
AS202759,hosting
AS203226,hosting
AS22611,hosting
AS22903,hosting
AS23273,hosting
AS23881,hosting
AS24549,hosting
AS24958,hosting
AS25260,hosting
AS262603,hosting
AS26481,hosting
AS27229,hosting
AS27357,hosting
AS27640,hosting
AS29119,hosting
AS29262,hosting
AS29452,hosting
AS29713,hosting
AS29748,hosting
AS30152,hosting
AS30235,hosting
AS30479,hosting
AS31240,hosting
AS31590,hosting
AS31981,hosting
AS32647,hosting
AS32780,hosting
AS328110,hosting
AS33070,hosting
AS33552,hosting
AS38001,hosting
AS39451,hosting
AS395092,hosting
AS395111,hosting
AS39704,hosting
AS40281,hosting
AS41541,hosting
AS41628,hosting
AS42244,hosting
AS42442,hosting
AS42612,hosting
AS42695,hosting
AS43541,hosting
AS44476,hosting
AS44901,hosting
AS45187,hosting
AS45454,hosting
AS47385,hosting
AS47583,hosting
AS47625,hosting
AS48823,hosting
AS48896,hosting
AS49834,hosting
AS50926,hosting
AS50986,hosting
AS51765,hosting
AS52335,hosting
AS54527,hosting
AS54641,hosting
AS55293,hosting
AS55720,hosting
AS57286,hosting
AS58683,hosting
AS59711,hosting
AS60422,hosting
AS62838,hosting
AS10439,hosting
AS12586,hosting
AS12637,hosting
AS13768,hosting
AS14061,hosting
AS14166,hosting
AS15169,hosting
AS15244,hosting
AS15395,hosting
AS15426,hosting
AS15456,hosting
AS16371,hosting
AS18501,hosting
AS197902,hosting
AS19871,hosting
AS200130,hosting
AS20021,hosting
AS20401,hosting
AS20473,hosting
AS20738,hosting
AS20746,hosting
AS20773,hosting
AS20857,hosting
AS20860,hosting
AS21069,hosting
AS21396,hosting
AS21409,hosting
AS22905,hosting
AS23661,hosting
AS24679,hosting
AS24940,hosting
AS24961,hosting
AS26496,hosting
AS27715,hosting
AS28753,hosting
AS29802,hosting
AS29873,hosting
AS30633,hosting
AS31034,hosting
AS31103,hosting
AS31815,hosting
AS32244,hosting
AS32392,hosting
AS32400,hosting
AS32475,hosting
AS33182,hosting
AS33260,hosting
AS33984,hosting
AS34895,hosting
AS34934,hosting
AS36351,hosting
AS37153,hosting
AS38478,hosting
AS38532,hosting
AS39122,hosting
AS396190,hosting
AS41186,hosting
AS41535,hosting
AS42807,hosting
AS42926,hosting
AS45012,hosting
AS45031,hosting
AS46261,hosting
AS46475,hosting
AS46606,hosting
AS51167,hosting
AS53824,hosting
AS56030,hosting
AS59253,hosting
AS60781,hosting
AS62567,hosting
AS63949,hosting
AS63997,hosting
AS6724,hosting
AS7203,hosting
AS7684,hosting
AS8315,hosting
AS8426,hosting
AS8622,hosting
AS8685,hosting
AS8972,hosting
AS9370,hosting
AS9371,hosting
AS375,business
AS578,business
AS1236,business
AS1440,business
AS1629,business
AS1642,business
AS1676,business
AS1889,business
AS3952,business
AS4871,business
AS5088,business
AS6126,business
AS6195,business
AS6367,business
AS6878,business
AS6943,business
AS7030,business
AS7800,business
AS7816,business
AS9089,business
AS9651,business
AS10461,business
AS10488,business
AS10756,business
AS10915,business
AS11169,business
AS11171,business
AS11248,business
AS11358,business
AS11460,business
AS11753,business
AS11852,business
AS11934,business
AS12081,business
AS12185,business
AS12228,business
AS12834,business
AS13073,business
AS13496,business
AS13535,business
AS13607,business
AS13689,business
AS13913,business
AS13983,business
AS14142,business
AS14149,business
AS14349,business
AS14485,business
AS14604,business
AS15155,business
AS15193,business
AS15495,business
AS16512,business
AS16803,business
AS16830,business
AS16840,business
AS17006,business
AS17022,business
AS17091,business
AS17096,business
AS17121,business
AS17150,business
AS17181,business
AS17566,business
AS18737,business
AS18950,business
AS18954,business
AS19178,business
AS19347,business
AS19482,business
AS19701,business
AS19900,business
AS19949,business
AS20037,business
AS20229,business
AS20249,business
AS20386,business
AS20765,business
AS20998,business
AS21878,business
AS22111,business
AS22116,business
AS22143,business
AS22157,business
AS22203,business
AS22267,business
AS22276,business
AS22488,business
AS22629,business
AS22670,business
AS22787,business
AS23010,business
AS23120,business
AS23217,business
AS23438,business
AS23506,business
AS24341,business
AS24542,business
AS24830,business
AS24928,business
AS25614,business
AS25659,business
AS25766,business
AS25781,business
AS25821,business
AS25849,business
AS25932,business
AS25988,business
AS26011,business
AS26028,business
AS26041,business
AS26231,business
AS26249,business
AS26363,business
AS26427,business
AS26591,business
AS26691,business
AS26981,business
AS26988,business
AS27334,business
AS27559,business
AS27610,business
AS27679,business
AS27973,business
AS27975,business
AS29575,business
AS29818,business
AS29843,business
AS30060,business
AS30077,business
AS30180,business
AS30431,business
AS30483,business
AS30509,business
AS30519,business
AS30667,business
AS30739,business
AS31550,business
AS31573,business
AS31865,business
AS31884,business
AS32019,business
AS32238,business
AS32303,business
AS32401,business
AS32575,business
AS32594,business
AS32622,business
AS32735,business
AS32834,business
AS32842,business
AS32914,business
AS32918,business
AS32998,business
AS33231,business
AS33405,business
AS33426,business
AS33429,business
AS33478,business
AS34004,business
AS34153,business
AS34186,business
AS34618,business
AS34795,business
AS35429,business
AS35438,business
AS35650,business
AS35849,business
AS35892,business
AS35944,business
AS35947,business
AS36134,business
AS36139,business
AS36157,business
AS36257,business
AS36501,business
AS36546,business
AS36751,business
AS36785,business
AS36820,business
AS36851,business
AS36951,business
AS38302,business
AS38936,business
AS39030,business
AS40037,business
AS40261,business
AS40338,business
AS40353,business
AS40408,business
AS40514,business
AS40570,business
AS40770,business
AS41276,business
AS41300,business
AS42237,business
AS42684,business
AS42829,business
AS43116,business
AS43422,business
AS43508,business
AS43518,business
AS43553,business
AS43879,business
AS44003,business
AS44746,business
AS45196,business
AS45350,business
AS45803,business
AS46129,business
AS46137,business
AS46248,business
AS46317,business
AS46342,business
AS46395,business
AS46547,business
AS46644,business
AS46646,business
AS46667,business
AS46735,business
AS46771,business
AS46852,business
AS46911,business
AS47092,business
AS47760,business
AS48132,business
AS48468,business
AS48570,business
AS48846,business
AS49008,business
AS49215,business
AS49240,business
AS49309,business
AS50096,business
AS51283,business
AS51595,business
AS51879,business
AS53248,business
AS53627,business
AS53702,business
AS53715,business
AS53745,business
AS53758,business
AS55489,business
AS56065,business
AS56473,business
AS56553,business
AS56973,business
AS131177,business
AS196736,business
AS197267,business
AS31399,business
AS714,business
AS4249,business
AS11003,business
AS15854,business
AS31898,business
AS5647,business
AS19527,business
AS13114,business
AS20617,business
AS19679,business
AS20461,business
AS21188,business
AS59807,business
AS327839,business
AS15224,business
AS23028,business
AS10848,business
AS54680,business
AS19886,business
AS12331,business
AS38631,business
AS46489,business
AS21960,business
AS38224,business
AS21874,business
AS19783,business
AS34222,business
AS62660,business
AS20308,business
AS11031,business
AS136595,business
AS11600,business
AS4875,business
AS21938,business
AS16381,business
AS20681,business
AS37570,business
AS17472,business
AS32302,business
AS48458,business
AS199555,business
AS35707,business
AS30047,business
AS5740,business
AS23509,business
AS46138,business
AS46471,business
AS25657,business
AS46189,business
AS14389,business
AS393941,business
AS36102,business
AS27375,business
